variable,count,mean,std,min,25%,50%,75%,max,original
dummy1,1000.0,-0.000924433060680502,0.011188444195334872,-0.035807708579064,-0.008480030157525676,-0.00075700153754615,0.006740083511665275,0.0368090155397098,-0.011059400489934
dummy2,1000.0,-0.00026660543813973424,0.011649881428470236,-0.0327626296857381,-0.008315615671337501,-0.00025003457552759997,0.00740108088874745,0.0338116465847129,-0.0020381091172794
x1,1000.0,0.056428829373600255,2.9566721268271476,-8.167206898876024,-1.9257871671755864,0.04263978278048025,1.9673163967005298,28.20533889265327,28.20533889265327
x2,1000.0,0.18815870565138618,8.133443322101785,-26.64997144898088,-4.691788784398699,0.13652658343672636,5.594189496472362,75.05007950121463,75.05007950121463
x3,1000.0,0.027802649939957676,1.9197446894627772,-5.906295795285184,-1.2332068478172038,0.0200129759999052,1.1994890529678999,17.754244277950022,17.754244277950022
